cpus,seconds
1,6.137305737
2,3.226312637
4,1.922301769
8,1.921998262